mse,mae,rmse,mape,smape,mase,r2,nmse,skill_vs_persistence,skill_vs_best_baseline,beats_all_baselines,occ_accuracy,occ_precision,occ_pd,occ_mdr,occ_fdr,occ_f1,occ_balanced_acc,occ_positive_rate,model,mode,family,fit_train_mse,fit_val_mse,fit_test_mse,fit_train_skill,fit_val_skill,fit_test_skill,fit_test_skill_vs_best_baseline,fit_skill_gap_train_minus_val,fit_val_loss_diverging,fit_best_epoch_or_round,fit_verdict,train_time_s,best_val_loss,epochs_run,rounds_run,n_partitions,n_data_clients,comm_titanic_bytes,comm_fedavg_bytes,comm_ratio_titanic_over_fl
0.2343267798423767,0.2343267798423767,0.48407311414948123,53.39751839637756,139.5362138748169,0.8403948199020047,-0.3750812129644836,1.0754758815769045,0.0,-0.9314589798744075,False,0.765673225308642,0.4625439367311072,0.466024789729969,0.533975210270031,0.15085090640029597,0.4642778390297685,0.6575869416648366,0.21788194444444445,persistence,baseline,non-learned,,,,,,,,,,,,,,,,,,,,
0.1802903115749359,0.1802903115749359,0.4246060663425994,41.76626801490784,117.38754510879517,0.6465972179023386,-0.057983302177285756,0.8274678716246484,0.23060304205856974,-0.4860586635040274,False,0.8197096836419753,0.5869492470719465,0.5823373173970784,0.4176626826029216,0.1141632753730423,0.5846341869896118,0.734087021012018,0.21788194444444445,seasonal_naive,baseline,non-learned,,,,,,,,,,,,,,,,,,,,
0.12132112681865692,0.23703040182590485,0.3483118241154855,56.27974271774292,164.08369541168213,0.8500911504343434,0.2880608766260737,0.5568204620358218,0.4822566720702375,0.0,False,0.8064718364197531,0.5602913085004776,0.5193669765382912,0.4806330234617088,0.11354667653224812,0.5390535263036986,0.7029101500030216,0.21788194444444445,historical_mean,baseline,non-learned,,,,,,,,,,,,,,,,,,,,
0.10142134130001068,0.19608870148658752,0.318467174603617,48.11362624168396,172.2783088684082,0.7032569178882941,0.4048372059347418,0.46548758327457407,0.5671798956643658,0.16402572281076133,True,0.8507667824074074,0.7208003722661703,0.5142762284196547,0.4857237715803453,0.05549389567147614,0.6002712652586708,0.7293911663740893,0.21788194444444445,dlinear_a23,centralized,"DLinear, AAAI 2023, Zeng et al.",0.06727784668183445,0.0952963007659447,0.10142134599111698,0.606085861410167,0.593181952688967,0.56717987564486,0.16402568414390728,0.012903908721199953,False,85,acceptable,1.9,0.0952963007659447,98,,,,,,
0.1016329675912857,0.19591689109802246,0.318799259082084,48.048025369644165,172.2609281539917,0.7026407332565053,0.40359533619412835,0.46645887205482767,0.5662767710133234,0.16228137459355962,True,0.8491271219135802,0.7141976260212733,0.5127268702965914,0.48727312970340864,0.05715871254162042,0.596920698318624,0.7277840788774855,0.21788194444444445,dlinear_a23,federated,"DLinear, AAAI 2023, Zeng et al.",0.06764853250229141,0.09613247403526694,0.10163296262423198,0.6039154830039835,0.5896123453285005,0.566276792210447,0.16228141553493447,0.014303137675482969,False,39,acceptable,1.6,0.09613247403526694,,40,2,4,503316480.0,1351680.0,372.3636363636364
0.10054671764373779,0.21194522082805634,0.31709102422449265,48.1275737285614,172.01250791549683,0.7601250945653691,0.40996969040350006,0.4614733743633654,0.5709123911856255,0.1712348848026395,True,0.8499469521604939,0.7260890532068799,0.4998893315626383,0.5001106684373617,0.05253422123566408,0.5921216490791112,0.7236775551634871,0.21788194444444445,nhits_a23,centralized,"N-HiTS, AAAI 2023, Challu et al.",0.056256311153297996,0.09912179822359628,0.10054673585626814,0.6706173362980653,0.5768509787350307,0.5709123134628387,0.17123473468426498,0.09376635756303464,True,12,diverging (val loss rising while train falls),0.9,0.09912179822359628,25,,,,,,
0.10068173706531525,0.21172599494457245,0.31730385605175876,47.205400466918945,171.76048755645752,0.7593388579389271,0.40917736666601956,0.46209306508564946,0.5703361897729304,0.17012197540987328,True,0.8494164737654321,0.7300906842539159,0.4900398406374502,0.5099601593625498,0.05046861511900358,0.5864512283954705,0.7197856127592233,0.21788194444444445,nhits_a23,federated,"N-HiTS, AAAI 2023, Challu et al.",0.05510137042348855,0.09937439816511744,0.10068173154636666,0.677379554548847,0.5757726345166867,0.57033621332529,0.17012202090028983,0.10160692003216032,False,30,acceptable,3.9,0.09937439816511744,,40,1,4,503316480.0,752025600.0,0.6692810457516339
0.09768950194120407,0.19064350426197052,0.31255319857778463,46.51564657688141,171.7925786972046,0.683728140409292,0.4267364621595242,0.4483597789876903,0.5831056868236899,0.19478573515704234,True,0.8508150077160493,0.7356492969396196,0.49214254094732185,0.5078574590526781,0.049266247379454925,0.5897486904051455,0.7214381467839335,0.21788194444444445,patchtst_i23,centralized,"PatchTST, ICLR 2023, Nie et al.",0.06297100724569007,0.0926057495237366,0.09768950470067837,0.6313025565067953,0.6046678634089824,0.5831056750475101,0.19478571241183396,0.026634693097812967,False,20,acceptable,3.0,0.0926057495237366,33,,,,,,
0.0982462614774704,0.193932443857193,0.313442596782043,48.31109642982483,172.34042882919312,0.6955236671546977,0.423469274435724,0.4509151055854234,0.5807296906330673,0.19019659597851712,True,0.8491030092592593,0.7381687242798354,0.4764276228419655,0.5235723771580345,0.04707732149463559,0.5790960451977402,0.7146751506736649,0.21788194444444445,patchtst_i23,federated,"PatchTST, ICLR 2023, Nie et al.",0.06344969710257911,0.09300128103998619,0.09824626276522506,0.6284998107007371,0.6029793470888596,0.5807296851375168,0.19019658536408657,0.025520463611877542,False,23,acceptable,6.5,0.09300128103998619,,34,2,4,427819008.0,155714560.0,2.7474566797093347
0.09883610904216766,0.19348983466625214,0.31438210674618183,46.809351444244385,171.89126014709473,0.6939362836232127,0.42000791886520983,0.4536222943671132,0.5782124898031237,0.185334725831375,True,0.8487172067901234,0.7287181185823121,0.4869411243913236,0.5130588756086765,0.050499445061043285,0.583786652514263,0.7182208396651402,0.21788194444444445,itransformer_i24,centralized,"iTransformer, ICLR 2024, Liu et al.",0.0617043900227863,0.09447756742801124,0.09883610987000996,0.6387186445192838,0.5966771093228493,0.5782124862702697,0.1853347190078125,0.0420415351964345,True,23,diverging (val loss rising while train falls),1.5,0.09447756742801124,36,,,,,,
0.09876340627670288,0.19349105656147003,0.3142664574476616,46.51859700679779,171.7251420021057,0.693940665855633,0.42043455472385316,0.4532886147474218,0.5785227521022671,0.1859339847351722,True,0.849585262345679,0.7199685534591195,0.5067507746790615,0.4932492253209385,0.054908126772721666,0.5948298259288126,0.72592132395317,0.21788194444444445,itransformer_i24,federated,"iTransformer, ICLR 2024, Liu et al.",0.0612705990882161,0.09419029781488868,0.09876341078384424,0.6412585055693467,0.5979034576923349,0.5785227328678401,0.1859339475846653,0.04335504787701183,False,27,acceptable,4.0,0.09419029781488868,,38,2,4,478150656.0,169208832.0,2.825802000689893
0.1221529170870781,0.2553708553314209,0.3495038155543915,46.80444300174713,171.66812419891357,0.9158677643196926,0.28317974792195366,0.5606380810583642,0.47870696994493755,-0.006856104045789735,False,0.8390239197530864,0.6559196617336153,0.5493581230633023,0.45064187693669766,0.08028116907140215,0.5979282100698627,0.7345384769959502,0.21788194444444445,timesnet_i23,centralized,"TimesNet, ICLR 2023, Wu et al.",0.05524374007758612,0.11458501571077641,0.12215291092425216,0.6765459752590641,0.5108388052013387,0.4787069962450724,-0.006856053248158078,0.1657071700577254,True,5,UNDERFITTING — beats persistence but LOSES to a non-learned baseline; no practical value,0.7,0.11458501571077641,18,,,,,,
0.14207924902439117,0.28013452887535095,0.3769340114985529,55.31576871871948,175.16814470291138,1.004680758643526,0.1662476383750866,0.6520927983608048,0.3936704583233601,-0.17110063803447995,False,0.8247251157407407,0.6478661087866109,0.4283975210270031,0.5716024789729969,0.06486619805154767,0.515755112917194,0.6817656614877278,0.21788194444444445,timesnet_i23,federated,"TimesNet, ICLR 2023, Wu et al.",0.06514517168451107,0.13134267211444978,0.14207925463532223,0.6185727478950392,0.4393006972070368,0.39367043437846116,-0.17110068428307001,0.17927205068800245,False,6,UNDERFITTING — beats persistence but LOSES to a non-learned baseline; no practical value,1.6,0.13134267211444978,,17,1,4,213909504.0,653496320.0,0.32733084709643046
0.1250918060541153,0.25529414415359497,0.3536832001298836,50.04505515098572,173.06344509124756,0.9155926456306684,0.26593369944094003,0.574126527427179,0.46616513000238335,-0.03108015342698356,False,0.8368778935185185,0.6707775605354188,0.49358123063302345,0.5064187693669766,0.06748674312492292,0.5686962065667835,0.7130472437540503,0.21788194444444445,scinet_n22,centralized,"SCINet, NeurIPS 2022, Liu et al.",0.04726406052758049,0.12054419989992933,0.12509181497641553,0.7232672773100718,0.4853991642508232,0.4661650919260686,-0.0310802269698236,0.2378681130592486,True,8,UNDERFITTING — beats persistence but LOSES to a non-learned baseline; no practical value,0.9,0.12054419989992933,21,,,,,,
0.1281406283378601,0.2547943592071533,0.35796735652550793,53.27390432357788,174.47543144226074,0.9138002056870261,0.24804253801728615,0.5881195282936927,0.45315414472022464,-0.05621033778722273,False,0.8321759259259259,0.6821691821691822,0.4301682160247897,0.5698317839752103,0.055833025033912936,0.5276231844712909,0.6871675954954384,0.21788194444444445,scinet_n22,federated,"SCINet, NeurIPS 2022, Liu et al.",0.04948926566919284,0.11910156366544042,0.12814061380462882,0.7102386236034637,0.4915577501684064,0.45315420674143836,-0.05621021799579262,0.21868087343505727,False,16,UNDERFITTING — beats persistence but LOSES to a non-learned baseline; no practical value,3.1,0.11910156366544042,,27,1,4,339738624.0,539025408.0,0.6302831350020517
0.11376530677080154,0.24129600822925568,0.3372911305842499,48.30746948719025,172.35634326934814,0.8653894169300815,0.3324000947185821,0.5221419578013939,0.5145014716315078,0.062279507666866074,True,0.8442081404320988,0.6987189381077327,0.500996015936255,0.499003984063745,0.0601800468615119,0.5835642926200452,0.7204079845373715,0.21788194444444445,informer_a21,centralized,"Informer, AAAI 2021, Zhou et al.",0.061796713441264375,0.11078419481835715,0.1137653061269242,0.6381780876843801,0.5270644353801079,0.5145014743792832,0.06227951297408141,0.11111365230427217,True,5,diverging (val loss rising while train falls),1.1,0.11078419481835715,18,,,,,,
0.12955403327941895,0.2645680606365204,0.35993615167056914,52.23151445388794,173.92675876617432,0.9488528277476972,0.23974836616566908,0.5946065500782735,0.4471223759974624,-0.06786045165132726,False,0.8351900077160493,0.6819910699520423,0.4563966356795042,0.5436033643204958,0.05928597854236034,0.5468408141616389,0.6985553285685719,0.21788194444444445,informer_a21,federated,"Informer, AAAI 2021, Zhou et al.",0.06510669258647099,0.12373313531885302,0.1295540314397694,0.6187980443559955,0.47178566121135224,0.4471223838482491,-0.067860436487855,0.14701238314464327,False,5,UNDERFITTING — beats persistence but LOSES to a non-learned baseline; no practical value,2.7,0.12373313531885302,,16,1,4,201326592.0,609681408.0,0.33021605933569814
0.15631957352161407,0.29626625776290894,0.39537270204405117,49.8782753944397,172.92555570602417,1.0625359530104974,0.0826822742463218,0.7174507807172983,0.33289923743771543,-0.2884777583319895,False,0.8159239969135802,0.5844781875150639,0.5367419212040726,0.4632580787959274,0.10630164015291652,0.5595938617745472,0.7152201405255781,0.21788194444444445,autoformer_n21,centralized,"Autoformer, NeurIPS 2021, Wu et al.",0.041276303380974884,0.14667005128249888,0.156319565979051,0.7583258042222762,0.37386841480547417,0.3328992696259403,-0.28847769616175345,0.3844573894168021,True,7,UNDERFITTING — beats persistence but LOSES to a non-learned baseline; no practical value,10.0,0.14667005128249888,20,,,,,,
0.17608274519443512,0.31468284130096436,0.41962214573880047,51.6299843788147,173.545503616333,1.1285856013523783,-0.033292374891810805,0.808156650920782,0.24855901953297987,-0.45137742956865523,False,0.8100887345679012,0.5682031984948259,0.5347498893315626,0.46525011066843736,0.11320754716981132,0.5509692132269098,0.7107711710808757,0.21788194444444445,autoformer_n21,federated,"Autoformer, NeurIPS 2021, Wu et al.",0.041057963542034774,0.1684445028867179,0.17608275200113838,0.7596041915937193,0.2809137060528909,0.2485589904850697,-0.4513774856735022,0.4786904855408284,False,13,UNDERFITTING — beats persistence but LOSES to a non-learned baseline; no practical value,29.3,0.1684445028867179,,24,2,4,301989888.0,815935488.0,0.37011490790801344
0.1643618792295456,0.30558210611343384,0.40541568695543295,52.232182025909424,173.8811731338501,1.0959465205181467,0.03548825103082531,0.7543620796604524,0.29857833859149185,-0.35476716660588914,False,0.8138744212962963,0.583661542370728,0.5084108012394865,0.49158919876051355,0.10102972006412628,0.5434435440941622,0.70369054058768,0.21788194444444445,fedformer_i22,centralized,"FEDformer, ICML 2022, Zhou et al.",0.0443709185949309,0.15663083842614803,0.16436187766584348,0.7402067242220298,0.33134600897344946,0.2985783452646604,-0.3547671537169377,0.40886071524858036,True,5,UNDERFITTING — beats persistence but LOSES to a non-learned baseline; no practical value,0.7,0.15663083842614803,18,,,,,,
0.1826505959033966,0.3233168125152588,0.42737641009231736,53.75269651412964,174.31068420410156,1.1595506694020348,-0.07183397105731726,0.8383007302105553,0.2205304232565345,-0.5055135135400701,False,0.8021797839506173,0.5497726728882508,0.5085214696768482,0.4914785303231518,0.11601307189542484,0.5283431068184432,0.6962541988907116,0.21788194444444445,fedformer_i22,federated,"FEDformer, ICML 2022, Zhou et al.",0.04761000605883883,0.17402130159420695,0.18265058744100876,0.7212417541599465,0.2571064612575279,0.2205304593701526,-0.5055134437880981,0.4641352929024186,False,7,UNDERFITTING — beats persistence but LOSES to a non-learned baseline; no practical value,1.6,0.17402130159420695,,18,2,4,226492416.0,682656768.0,0.3317808108217569
0.10067085176706314,0.1961999535560608,0.3172867027895483,47.42121994495392,172.08598852157593,0.7036559148059814,0.40924124399636164,0.46204310547052657,0.5703826432694512,0.17021169843287476,True,0.8505979938271605,0.7276370631612696,0.502324037184595,0.49767596281540505,0.05238007152546553,0.5943433285321461,0.7249719828295647,0.21788194444444445,crossformer_i23,centralized,"Crossformer, ICLR 2023, Zhang & Yan",0.06623200282676896,0.09441771673235466,0.10067085323878276,0.6122093136546459,0.5969326107740234,0.5703826369888219,0.17021168630209704,0.01527670288062255,False,99,acceptable,3.4,0.09441771673235466,100,,,,,,
0.10243190079927444,0.2066849172115326,0.32004984111740226,49.71069395542145,172.79425859451294,0.7412594236701688,0.39890701996557887,0.47012568895369317,0.5628672878610941,0.15569609774245574,True,0.8498505015432098,0.731880468878983,0.4905931828242585,0.5094068171757415,0.050067825872487356,0.5874246339362618,0.7202626784758855,0.21788194444444445,crossformer_i23,federated,"Crossformer, ICLR 2023, Zhang & Yan",0.06800221712336216,0.09656911779467653,0.10243189555627329,0.6018446472131114,0.5877483216450434,0.5628673102358357,0.15569614095835138,0.014096325568067947,False,39,acceptable,3.4,0.09656911779467653,,40,3,4,1006632960.0,97177600.0,10.358693361433087
